OBJECTID,SITE,ADDRESS,EMAIL,PHONE,OPENING HOURS,EASTING,NORTHING,OFFICE_TYP,,,,,
241,Arthurs Pass National Park Visitor Centre,"80 West Coast Rd., Arthurs Pass Town, SH 73",arthurspassvc@doc.govt.nz,0064 3 318 9211,"Open daily: Peak 8:00 am – 5:00 pm
Off-peak 8:30 am – 4:30 pm",1482676,5244762,Visitor Centre,,,,,
226,Auckland Visitor Centre,"137 Quay St, Princes Wharf, Downtown, Auckland",aucklandvc@doc.govt.nz,0064 9 379 6476,"Mon - Fri 9:00 am – 5:00 pm
Sat and Sun 10:00 am – 4:00 pm between 13 October 2012 and 24 March 2013
On public holidays and winter weekends the DOC desk at the i-SITE is closed. However limited information is still available, including brochures, access to the DOC website and bookings.",1757373,5921218,Visitor Centre,,,,,
355,Christchurch i-SITE Visitor Centre,"31 Nga Mahi Road, Sockburn, Christchurch",christchurchvc@doc.govt.nz,0064 3 341 9113,"Mon - Fri  8:30 am – 4:30 pm

Closed weekends and public holidays.
",1564169,5179086,Visitor Centre,,,,,
205,Dawson Falls Visitor Centre,"end of Manaia Road, RD 29, Kaponga, Taranaki",dawsonfallsvc@doc.govt.nz,0064 27 443 0248,Open daily: Thur – Sun and public holidays 9:00 am – 4:00 pm.,1695070,5646667,Visitor Centre,,,,,
346,Dunedin Visitor Centre,"Conservation House, 77 Lower Stuart Street, Dunedin",dunedinvc@doc.govt.nz,0064 3 477 0677,Open Daily 8:30 - 17:00,1406460,4916820,Visitor Centre,,,,,
204,Egmont National Park Visitor Centre,"2879 Egmont Road, Egmont Village",egmontvc@doc.govt.nz,0064 6 756 0990,"8:00 am – 4:30 pm - Open daily end of October to Easter
8:00 am – 4:00 pm - Winter",1694533,5652679,Visitor Centre,,,,,
341,Fiordland National Park Visitor Centre,"Fiordland National Park Visitor Centre, Lakefront Drive, Te Anau",fiordlandvc@doc.govt.nz,0064 3 249 7924,"21 April 2012 - 22 October 2012: 8:30 am – 4:30 pm
23 October 2012 - 09 December 2012: 8:00 am – 5:00 pm
10 December 2012 - 17 March 2013: 8:00 am – 6:00 pm
25 December 2012: 8:30 am – 1:00 pm
18 March 2013 - 26 April 2013: 8:00 am – 5:00pm
",1186902,4956398,Visitor Centre,,,,,
292,Great Walks Booking Office,"Lakefront Drive, Te Anau",greatwalksbookings@doc.govt.nz,0064 3 249 8514,"21 April 2012 - 22 October 2012: 8:30 am – 4:30 pm
23 October 2012 - 09 December 2012: 8:00 am – 5:00 pm
10 December 2012 - 17 March 2013: 8:00 am – 6:00 pm
25 December 2012: 8:30 am – 1:00 pm
18 March 2013 - 26 April 2013: 8:00 am – 5:00pm",1186902,4956398,Visitor Centre,,,,,
338,Haast Visitor Centre,"Haast Junction, Cnr SH6 & Jackson Bay Road",haastvc@doc.govt.nz,0064 3 750 0809,"Open daily:
Peak 9:00 am – 6:00 pm
Off-peak 9:00 am – 4:30 pm.
Closed daily 12:30 pm – 1:00 pm  ",1282316,5135625,Visitor Centre,,,,,
328,Hawke's Bay Regional Visitor Centre,"Conservation House, 59 Marine Parade,",hawkesbayvc@doc.govt.nz,0064 6 834 3111,Open Mon – Fri 9:00 am – 4:15 pm,1937070,5621683,Visitor Centre,,,,,
339,Makarora Visitor Centre,"5956 Haast Pass - Makarora Road, SH 6, Makarora",makaroravc@doc.govt.nz,0064 3 443 8365,"Open daily December to March 8:00 am – 5:00 pm (closed 12 noon – 1:00 pm)
April open Monday - Friday 8:00 am – 5:00 pm (closed 12 noon – 1:00 pm) 
May - November:  interpretation area open - displays and weather information available.",1299075,5095569,Visitor Centre,,,,,
340,Mt Aspiring National Park Visitor Centre,"Ardmore Street, Wanaka",mtaspiringvc@doc.govt.nz,0064 3 443 7660,"Open daily: Peak (November - April) 8:00 am – 5:00 pm 
Off-peak (May - October) Mon - Fri 8:30 am – 5:00 pm, Saturday 9:30 am – 4:00 pm (closed daily 12 noon – 12:30 pm)",1294307,5043712,Visitor Centre,,,,,
247,Mt Cook Visitor Centre,"1 Larch Grove, Mount Cook Village, Mount Cook",mtcookvc@doc.govt.nz,0064 3 435 1186,"Open daily: Peak (Oct – Apr) 8:30 am – 5:00 pm
Off-peak (May – Sep) 8:30 am – 4:30 pm ",1366080,5153648,Visitor Centre,,,,,
336,Nelson Lakes Bookings Helpdesk,"3 View Road, St Arnaud",nelsonlakesvc@doc.govt.nz,0065 3 521 1808,"Weekend before Christmas to Waitangi Day 8:00 am – 6:00 pm daily
Waitangi Day to end of Easter 8:00 am – 5:00 pm daily
End of Easter to weekend before Christmas 8:00 am – 4:30 pm daily",1587025,5371900,Visitor Centre,,,,,
348,Nelson Marlborough Bookings Helpdesk,"Millers Acre, 79 Trafalgar St., Nelson",nmbookings@doc.govt.nz,0064 3 546 8210,"Open daily 8:30 am – 4:30 pm
Closed daily 12:00 pm – 1:00 pm",1623812,5431192,Bookings Office,,,,,
301,Nelson Regional Visitor Centre,"Millers Acre, 79 Trafalgar St., Nelson",nelsonvc@doc.govt.nz,0064 3 546 9339,"Mon - Fri 8:30 am – 5:00 pm
Sat and Sun 9:00 am – 4:00 pm",1623812,5431192,Visitor Centre,,,,,
334,Ohakune Visitor Centre,"54 Clyde Street, Ohakune",ohakunevc@doc.govt.nz,0064 6 385 8427,"Mon - Fri and public holiday weekends 9:00 am – 3:00 pm
Closed 12.30 – 1.00 pm",1806476,5634069,Visitor Centre,,,,,
216,Paparoa National Park Visitor Centre,"Main Road, Punakaiki",paparoavc@doc.govt.nz,0064 3 731 1895,"Peak Season (November - March): 9:00 am – 6:00 pm
Off peak season (April - October): 9:00 am – 4:30 pm
Closed Christmas Day",1461943,5336069,Visitor Centre,,,,,
287,Queenstown Regional Visitor Centre,"38 Shotover Street, Queenstown",queenstownvc@doc.govt.nz,0064 3 442 7935,"Open daily 9:00 am – 5:00 pm, hours may vary seasonally. 
Closed Saturdays and Sundays until 27th August 2012.",1258103,5004367,Visitor Centre,,,,,
291,Rakiura National Park Visitor Centre,"Information Centre, 15 Main Road, Halfmoon Bay, Stewart Island",rakiuravc@doc.govt.nz,0064 3 219 0009,"Mon - Fri: 8:00 am – 5:00 pm
Weekends: 9:00 am – 4:00 pm
Off-peak and public holidays: restricted hours",1228793,4794612,Visitor Centre,,,,,
329,Rangitaiki Visitor Centre,"1188 Main Road, Murupara",muruparavc@doc.govt.nz,0064 7 366 1080,"Peak season: Open daily until Easter
Off peak: 8:00 am – 5:00 pm, Mon - Fri, except public holidays ",1924418,5735374,Visitor Centre,,,,,
358,Te Urewera National Park Great Walk Bookings VC,State Highway 38 RD 5,teureweravc@doc.govt.nz,0064 6 837 3803,Open daily 8:00 am – 5:00 pm,1961893,5703289,Bookings Office,,,,,
335,Tongariro National Park Visitor Centre,"Whakapapa Village, SH 48, Mount Ruapehu",tongarirovc@doc.govt.nz,0064 7 892 3729,"Summer (mid-December – end February): 8:00 am – 6:00 pm daily (closed Christmas Day)
Winter (March – November): 8:00 am – 5:00 pm daily ",1819350,5657808,Visitor Centre,,,,,
324,Wellington National Visitor Centre,"18 - 32 Manners Street, Wellington",wellingtonvc@doc.govt.nz,0064 4 384 7770,"Mon - Fri 9:00 am – 5:00 pm
Sat 10:00 am – 3:30 pm",1748632,5427544,Visitor Centre,,,,,
337,Westland National Park Visitor Centre,"13 State Highway 6, Franz Josef Glacier",westlandnpvc@doc.govt.nz,0064 3 752 0796,"Open daily
Labour weekend - Easter: 8:30 am – 6:00 pm
Rest of year: 8:30 am – 4:45 pm",1371722,5192070,Visitor Centre,,,,,
,,,,,,,,,,,,,
